{
  "val": {
    "per_horizon": {
      "1": {
        "mae": 800.2030886117685,
        "rmse": 1172.30975213366,
        "smape": 38.17234344768911,
        "wape": 29.76262823151428,
        "r2": 0.45874385481859314
      },
      "3": {
        "mae": 902.5492346262395,
        "rmse": 1264.5025298006608,
        "smape": 41.406455730329384,
        "wape": 33.71789872459076,
        "r2": 0.37992151191292156
      },
      "7": {
        "mae": 767.6253148170947,
        "rmse": 1058.4822666507057,
        "smape": 38.21413806846673,
        "wape": 28.51127373103573,
        "r2": 0.5628271930896674
      }
    },
    "overall": {
      "micro": {
        "mae": 823.5915204998871,
        "rmse": 1168.3888210016596,
        "smape": 39.26680098029846,
        "wape": 30.663543013488223,
        "r2": 0.46679195770459914
      },
      "macro": {
        "mae": 823.4592126850342,
        "rmse": 1165.0981828616755,
        "smape": 39.26431241549508,
        "wape": 30.663933562380254,
        "r2": 0.46716418660706066
      }
    }
  },
  "test": {
    "per_horizon": {
      "1": {
        "mae": 742.4641940127315,
        "rmse": 1038.3940252911543,
        "smape": 29.6163438088369,
        "wape": 24.015269639510453,
        "r2": 0.6240230558961666
      },
      "3": {
        "mae": 826.785808332001,
        "rmse": 1114.8270043298,
        "smape": 33.76900832424231,
        "wape": 26.565185155813687,
        "r2": 0.5604678225778047
      },
      "7": {
        "mae": 697.6253549099649,
        "rmse": 931.5897273385158,
        "smape": 28.76052256942853,
        "wape": 22.415172751890772,
        "r2": 0.693080065878761
      }
    },
    "overall": {
      "micro": {
        "mae": 755.5940791672759,
        "rmse": 1031.0300514131652,
        "smape": 30.712699709581198,
        "wape": 24.331832807028356,
        "r2": 0.6258564913915013
      },
      "macro": {
        "mae": 755.6251190848992,
        "rmse": 1028.2702523198234,
        "smape": 30.71529156750258,
        "wape": 24.33187584907164,
        "r2": 0.6258569814509107
      }
    }
  }
}