{
  "lag1_mean": 7.851082887524788,
  "lag1_std": 0.9503312736644293,
  "lag7_mean": 7.8505240650000525,
  "lag7_std": 0.9478674946858132,
  "roll7_mean": 7.846888500540286,
  "roll7_std": 0.3226169472325906,
  "roll14_mean": 7.845164718431363,
  "roll14_std": 0.25937490796200363,
  "sdev_mean": 0.004194386984501132,
  "sdev_std": 0.9093286637210939,
  "cont_names": [
    "dow_sin",
    "dow_cos",
    "mon_sin",
    "mon_cos",
    "doy_sin",
    "doy_cos",
    "lag1_z",
    "lag7_z",
    "roll7_z",
    "roll14_z",
    "sdiff7_z"
  ]
}