{
  "best_val_avg_wape": 31.605001751984975,
  "val": {
    "per_horizon": {
      "1": {
        "mae": 853.392578125,
        "rmse": 1244.4643928212652,
        "smape": 38.28862905502319,
        "wape": 32.14778022704984,
        "r2": 0.3733196258544922
      },
      "3": {
        "mae": 804.310791015625,
        "rmse": 1168.9331674651037,
        "smape": 36.90750002861023,
        "wape": 29.871567534361116,
        "r2": 0.4444158673286438
      },
      "7": {
        "mae": 874.1218872070312,
        "rmse": 1256.6136040963427,
        "smape": 38.21021616458893,
        "wape": 32.876281373448904,
        "r2": 0.3454211354255676
      }
    },
    "overall": {
      "micro": {
        "mae": 843.9417724609375,
        "rmse": 1498058.125,
        "smape": 37.802112102508545,
        "wape": 31.62418509965239,
        "r2": 0.3880387544631958
      },
      "macro": {
        "mae": 843.9417521158854,
        "rmse": 1223.337054794237,
        "smape": 37.802115082740784,
        "wape": 31.63187637828662,
        "r2": 0.3877188762029012
      }
    }
  },
  "test": {
    "per_horizon": {
      "1": {
        "mae": 709.275146484375,
        "rmse": 1030.0286403785092,
        "smape": 28.751707077026367,
        "wape": 22.645221418534266,
        "r2": 0.6178217530250549
      },
      "3": {
        "mae": 745.309814453125,
        "rmse": 1051.0778991111933,
        "smape": 29.8833966255188,
        "wape": 23.6750491480439,
        "r2": 0.6015850305557251
      },
      "7": {
        "mae": 689.5452270507812,
        "rmse": 1006.7507760116205,
        "smape": 27.29005217552185,
        "wape": 21.97195967670127,
        "r2": 0.6351878643035889
      }
    },
    "overall": {
      "micro": {
        "mae": 714.7100219726562,
        "rmse": 1059757.0,
        "smape": 28.64171862602234,
        "wape": 22.765099917656116,
        "r2": 0.618215024471283
      },
      "macro": {
        "mae": 714.7100626627604,
        "rmse": 1029.2857718337743,
        "smape": 28.64171862602234,
        "wape": 22.764076747759812,
        "r2": 0.6181982159614563
      }
    }
  }
}